Feature,Coefficient,Standard Error,P-Value,CI Lower (Coefficient),CI Upper (Coefficient),Odds Ratio,CI Lower (OR),CI Upper (OR),Sample Size,Model,Outcome,R-Squared,AIC,BIC
const,13.395,2.609,0.0,8.282,18.508,656648.185,3952.143,109102040.937,184,Linear,isi_score,0.07836702271570595,1211.0969994172017,1233.6015497204646
dem_0500,0.633,1.015,0.534,-1.357,2.623,1.884,0.257,13.782,184,Linear,isi_score,0.07836702271570595,1211.0969994172017,1233.6015497204646
dem_0800,-0.085,0.074,0.249,-0.23,0.059,0.918,0.795,1.061,184,Linear,isi_score,0.07836702271570595,1211.0969994172017,1233.6015497204646
dem_1000,0.754,0.286,0.009,0.194,1.314,2.126,1.214,3.721,184,Linear,isi_score,0.07836702271570595,1211.0969994172017,1233.6015497204646
hospitalized,4.06,1.897,0.034,0.343,7.778,57.994,1.409,2386.704,184,Linear,isi_score,0.07836702271570595,1211.0969994172017,1233.6015497204646
covid_vaccine,-0.327,1.401,0.816,-3.073,2.42,0.721,0.046,11.244,184,Linear,isi_score,0.07836702271570595,1211.0969994172017,1233.6015497204646
breathing_symptoms,0.303,0.972,0.755,-1.602,2.208,1.354,0.202,9.099,184,Linear,isi_score,0.07836702271570595,1211.0969994172017,1233.6015497204646
